,source,target,values
3,Geoffroy BING,Emile HOOGE,3.0
4,Geoffroy BING,Boris CHABANEL,1.0
14,Geoffroy BING,Brigitte YVRAY-DANGUIS,1.0
16,Geoffroy BING,Nicolas NOVA,1.0
18,Geoffroy BING,Julien CASALS,1.0
21,Geoffroy BING,Quentin ZARAGORI,1.0
22,Geoffroy BING,Aurélien BOUTAUD,1.0
53,Geoffroy BING,François MAYSSAL,1.0
63,Geoffroy BING,Sophie KELLER,5.0
64,Geoffroy BING,Clément JOURDAN,1.0
79,Geoffroy BING,Gaspard LANDEL,1.0
569,Catherine PANASSIER,Sandra DECELLE,2.0
582,Catherine PANASSIER,Jean-Loup MOLIN,2.0
720,Catherine PANASSIER,Anne PINCHART,2.0
1094,Stéphane AUTRAN,Sylvie  MAURIS-DEMOURIOUX,1.0
1099,Stéphane AUTRAN,Catherine FORET,1.0
1101,Stéphane AUTRAN,Marianne CHOUTEAU,1.0
1103,Stéphane AUTRAN,Ludovic VIÉVARD,1.0
1105,Stéphane AUTRAN,Pierre-Alain FOUR,1.0
1329,Stéphane AUTRAN,Valérie DEFOY,1.0
1640,Sylvie  MAURIS-DEMOURIOUX,Stéphane AUTRAN,1.0
1641,Sylvie  MAURIS-DEMOURIOUX,Emile HOOGE,3.0
1642,Sylvie  MAURIS-DEMOURIOUX,Boris CHABANEL,1.0
1644,Sylvie  MAURIS-DEMOURIOUX,Caroline JANUEL,3.0
1645,Sylvie  MAURIS-DEMOURIOUX,Catherine FORET,9.0
1647,Sylvie  MAURIS-DEMOURIOUX,Marianne CHOUTEAU,9.0
1648,Sylvie  MAURIS-DEMOURIOUX,Cédric POLÈRE,8.0
1649,Sylvie  MAURIS-DEMOURIOUX,Ludovic VIÉVARD,12.0
1650,Sylvie  MAURIS-DEMOURIOUX,Pierre GROSDEMOUGE,1.0
1651,Sylvie  MAURIS-DEMOURIOUX,Pierre-Alain FOUR,10.0
1656,Sylvie  MAURIS-DEMOURIOUX,Julien CASALS,1.0
1658,Sylvie  MAURIS-DEMOURIOUX,Matthieu BOURY,1.0
1659,Sylvie  MAURIS-DEMOURIOUX,Quentin ZARAGORI,1.0
1663,Sylvie  MAURIS-DEMOURIOUX,Laure BORNAREL,1.0
1667,Sylvie  MAURIS-DEMOURIOUX,Anne-Caroline JAMBAUD,1.0
1674,Sylvie  MAURIS-DEMOURIOUX,Jean-Loup MOLIN,1.0
1682,Sylvie  MAURIS-DEMOURIOUX,Margot BALDASSI,1.0
1688,Sylvie  MAURIS-DEMOURIOUX,Anouk JORDAN,5.0
1690,Sylvie  MAURIS-DEMOURIOUX,Catherine DEBRAND,3.0
1695,Sylvie  MAURIS-DEMOURIOUX,Julie JEAMMAUD,2.0
1701,Sylvie  MAURIS-DEMOURIOUX,Sophie KELLER,1.0
1875,Sylvie  MAURIS-DEMOURIOUX,Valérie DEFOY,9.0
2072,Sylvie  MAURIS-DEMOURIOUX,Eve DENJEAN,2.0
2086,Sylvie  MAURIS-DEMOURIOUX,Nicolas LEPRÊTRE,2.0
2133,Sylvie  MAURIS-DEMOURIOUX,Kim SAKHO,1.0
2134,Sylvie  MAURIS-DEMOURIOUX,Christine OLM,1.0
2148,Sylvie  MAURIS-DEMOURIOUX,Anne FORNEROD,1.0
2184,Emile HOOGE,Geoffroy BING,3.0
2187,Emile HOOGE,Sylvie  MAURIS-DEMOURIOUX,3.0
2188,Emile HOOGE,Boris CHABANEL,5.0
2190,Emile HOOGE,Caroline JANUEL,3.0
2194,Emile HOOGE,Cédric POLÈRE,4.0
2195,Emile HOOGE,Ludovic VIÉVARD,4.0
2196,Emile HOOGE,Pierre GROSDEMOUGE,1.0
2197,Emile HOOGE,Pierre-Alain FOUR,1.0
2202,Emile HOOGE,Julien CASALS,1.0
2213,Emile HOOGE,Anne-Caroline JAMBAUD,1.0
2220,Emile HOOGE,Jean-Loup MOLIN,1.0
2233,Emile HOOGE,Caroline HAMON,1.0
2234,Emile HOOGE,Anouk JORDAN,1.0
2236,Emile HOOGE,Catherine DEBRAND,6.0
2241,Emile HOOGE,Julie JEAMMAUD,2.0
2247,Emile HOOGE,Sophie KELLER,1.0
2618,Emile HOOGE,Eve DENJEAN,5.0
2632,Emile HOOGE,Nicolas LEPRÊTRE,1.0
2642,Emile HOOGE,Hervé CHAYGNEAUD-DUPUY,1.0
2643,Emile HOOGE,Julie GAYRAL,1.0
2680,Emile HOOGE,Christine OLM,1.0
2730,Boris CHABANEL,Geoffroy BING,1.0
2733,Boris CHABANEL,Sylvie  MAURIS-DEMOURIOUX,1.0
2734,Boris CHABANEL,Emile HOOGE,5.0
2736,Boris CHABANEL,Caroline JANUEL,1.0
2740,Boris CHABANEL,Cédric POLÈRE,6.0
2741,Boris CHABANEL,Ludovic VIÉVARD,2.0
2742,Boris CHABANEL,Pierre GROSDEMOUGE,1.0
2748,Boris CHABANEL,Julien CASALS,1.0
2752,Boris CHABANEL,Aurélien BOUTAUD,6.0
2780,Boris CHABANEL,Anouk JORDAN,2.0
2782,Boris CHABANEL,Catherine DEBRAND,3.0
2787,Boris CHABANEL,Julie JEAMMAUD,2.0
2907,Boris CHABANEL,Sebastian ROCHE,2.0
3164,Boris CHABANEL,Eve DENJEAN,3.0
3182,Boris CHABANEL,Giorgio   DE AMBROGIO,1.0
3257,Boris CHABANEL,Magali TALANDIER,1.0
3259,Boris CHABANEL,Arnaud FLORENTIN,1.0
3825,Caroline JANUEL,Sylvie  MAURIS-DEMOURIOUX,3.0
3826,Caroline JANUEL,Emile HOOGE,3.0
3827,Caroline JANUEL,Boris CHABANEL,1.0
3832,Caroline JANUEL,Cédric POLÈRE,1.0
3833,Caroline JANUEL,Ludovic VIÉVARD,2.0
3871,Caroline JANUEL,Caroline HAMON,9.0
3872,Caroline JANUEL,Anouk JORDAN,2.0
3874,Caroline JANUEL,Catherine DEBRAND,1.0
3879,Caroline JANUEL,Julie JEAMMAUD,1.0
3926,Caroline JANUEL,CCSPL  COMMISSION CONSULTATIVE DES SERVICES PUBLICS LOCAUX DU GRAND LYON,1.0
4040,Caroline JANUEL,DPDP -  DIRECTION DE LA PROSPECTIVE ET DU DIALOGUE PUBLIC,1.0
4246,Caroline JANUEL,Lucas PIESSAT,1.0
4247,Caroline JANUEL,Gauthier BRAVAIS,1.0
4256,Caroline JANUEL,Eve DENJEAN,2.0
4370,Catherine FORET,Stéphane AUTRAN,1.0
4371,Catherine FORET,Sylvie  MAURIS-DEMOURIOUX,9.0
4377,Catherine FORET,Marianne CHOUTEAU,9.0
4379,Catherine FORET,Ludovic VIÉVARD,11.0
4381,Catherine FORET,Pierre-Alain FOUR,9.0
4411,Catherine FORET,Philippe GARGOV,1.0
4412,Catherine FORET,Margot BALDASSI,1.0
4459,Catherine FORET,Pascal BAVOUX,1.0
4605,Catherine FORET,Valérie DEFOY,9.0
4859,Catherine FORET,Yoann PUPAT,2.0
5280,Philippe DUJARDIN,Jocelyne BEARD,1.0
5462,Marianne CHOUTEAU,Stéphane AUTRAN,1.0
5463,Marianne CHOUTEAU,Sylvie  MAURIS-DEMOURIOUX,9.0
5468,Marianne CHOUTEAU,Catherine FORET,9.0
5470,Marianne CHOUTEAU,Cédric POLÈRE,1.0
5471,Marianne CHOUTEAU,Ludovic VIÉVARD,16.0
5473,Marianne CHOUTEAU,Pierre-Alain FOUR,9.0
5502,Marianne CHOUTEAU,Pierre MICHEL_,1.0
5620,Marianne CHOUTEAU,Ludovic ROGUET,1.0
5697,Marianne CHOUTEAU,Valérie DEFOY,9.0
6009,Cédric POLÈRE,Sylvie  MAURIS-DEMOURIOUX,8.0
6010,Cédric POLÈRE,Emile HOOGE,4.0
6011,Cédric POLÈRE,Boris CHABANEL,6.0
6013,Cédric POLÈRE,Caroline JANUEL,1.0
6016,Cédric POLÈRE,Marianne CHOUTEAU,1.0
6017,Cédric POLÈRE,Ludovic VIÉVARD,4.0
6018,Cédric POLÈRE,Pierre GROSDEMOUGE,2.0
6019,Cédric POLÈRE,Pierre-Alain FOUR,1.0
6024,Cédric POLÈRE,Julien CASALS,2.0
6027,Cédric POLÈRE,Quentin ZARAGORI,2.0
6028,Cédric POLÈRE,Aurélien BOUTAUD,3.0
6030,Cédric POLÈRE,Geneviève BERNARDIN,3.0
6031,Cédric POLÈRE,Laure BORNAREL,4.0
6035,Cédric POLÈRE,Anne-Caroline JAMBAUD,1.0
6036,Cédric POLÈRE,Emmanuelle LAMBREY,3.0
6041,Cédric POLÈRE,Bertrand LABASSE,1.0
6042,Cédric POLÈRE,Jean-Loup MOLIN,1.0
6050,Cédric POLÈRE,Margot BALDASSI,1.0
6056,Cédric POLÈRE,Anouk JORDAN,2.0
6058,Cédric POLÈRE,Catherine DEBRAND,4.0
6063,Cédric POLÈRE,Julie JEAMMAUD,2.0
6183,Cédric POLÈRE,Sebastian ROCHE,3.0
6440,Cédric POLÈRE,Eve DENJEAN,3.0
6454,Cédric POLÈRE,Nicolas LEPRÊTRE,2.0
6501,Cédric POLÈRE,Kim SAKHO,1.0
6502,Cédric POLÈRE,Christine OLM,1.0
6554,Ludovic VIÉVARD,Stéphane AUTRAN,1.0
6555,Ludovic VIÉVARD,Sylvie  MAURIS-DEMOURIOUX,12.0
6556,Ludovic VIÉVARD,Emile HOOGE,4.0
6557,Ludovic VIÉVARD,Boris CHABANEL,2.0
6559,Ludovic VIÉVARD,Caroline JANUEL,2.0
6560,Ludovic VIÉVARD,Catherine FORET,11.0
6562,Ludovic VIÉVARD,Marianne CHOUTEAU,16.0
6563,Ludovic VIÉVARD,Cédric POLÈRE,4.0
6564,Ludovic VIÉVARD,Pierre GROSDEMOUGE,1.0
6565,Ludovic VIÉVARD,Pierre-Alain FOUR,11.0
6570,Ludovic VIÉVARD,Julien CASALS,2.0
6573,Ludovic VIÉVARD,Quentin ZARAGORI,1.0
6581,Ludovic VIÉVARD,Anne-Caroline JAMBAUD,1.0
6583,Ludovic VIÉVARD,Emmanuel ARLOT,2.0
6588,Ludovic VIÉVARD,Jean-Loup MOLIN,1.0
6596,Ludovic VIÉVARD,Margot BALDASSI,1.0
6602,Ludovic VIÉVARD,Anouk JORDAN,2.0
6603,Ludovic VIÉVARD,Benjamin  PRADEL,1.0
6604,Ludovic VIÉVARD,Catherine DEBRAND,3.0
6605,Ludovic VIÉVARD,François MAYSSAL,11.0
6606,Ludovic VIÉVARD,Camille DUTHY,1.0
6609,Ludovic VIÉVARD,Julie JEAMMAUD,4.0
6699,Ludovic VIÉVARD,Jean-Marc BERTHET,1.0
6729,Ludovic VIÉVARD,Sebastian ROCHE,2.0
6770,Ludovic VIÉVARD,DPDP -  DIRECTION DE LA PROSPECTIVE ET DU DIALOGUE PUBLIC,1.0
6789,Ludovic VIÉVARD,Valérie DEFOY,9.0
6976,Ludovic VIÉVARD,Lucas PIESSAT,1.0
6977,Ludovic VIÉVARD,Gauthier BRAVAIS,1.0
6986,Ludovic VIÉVARD,Eve DENJEAN,3.0
6994,Ludovic VIÉVARD,Marie Clémence LE PAPE,1.0
6995,Ludovic VIÉVARD,Maël DIEUDONNÉ,1.0
7000,Ludovic VIÉVARD,Nicolas LEPRÊTRE,2.0
7011,Ludovic VIÉVARD,Julie GAYRAL,1.0
7043,Ludovic VIÉVARD,Yoann PUPAT,3.0
7047,Ludovic VIÉVARD,Kim SAKHO,1.0
7048,Ludovic VIÉVARD,Christine OLM,1.0
7049,Ludovic VIÉVARD,Yoan OLLIVIER,11.0
7063,Ludovic VIÉVARD,Laura DESMARIS,1.0
7064,Ludovic VIÉVARD,Marc URHY,1.0
7101,Pierre GROSDEMOUGE,Sylvie  MAURIS-DEMOURIOUX,1.0
7102,Pierre GROSDEMOUGE,Emile HOOGE,1.0
7103,Pierre GROSDEMOUGE,Boris CHABANEL,1.0
7109,Pierre GROSDEMOUGE,Cédric POLÈRE,2.0
7110,Pierre GROSDEMOUGE,Ludovic VIÉVARD,1.0
7148,Pierre GROSDEMOUGE,Anouk JORDAN,1.0
7150,Pierre GROSDEMOUGE,Catherine DEBRAND,1.0
7546,Pierre GROSDEMOUGE,Nicolas LEPRÊTRE,1.0
7594,Pierre GROSDEMOUGE,Christine OLM,1.0
7646,Pierre-Alain FOUR,Stéphane AUTRAN,1.0
7647,Pierre-Alain FOUR,Sylvie  MAURIS-DEMOURIOUX,10.0
7648,Pierre-Alain FOUR,Emile HOOGE,1.0
7652,Pierre-Alain FOUR,Catherine FORET,9.0
7654,Pierre-Alain FOUR,Marianne CHOUTEAU,9.0
7655,Pierre-Alain FOUR,Cédric POLÈRE,1.0
7656,Pierre-Alain FOUR,Ludovic VIÉVARD,11.0
7673,Pierre-Alain FOUR,Anne-Caroline JAMBAUD,1.0
7707,Pierre-Alain FOUR,Sophie KELLER,1.0
7821,Pierre-Alain FOUR,Sebastian ROCHE,2.0
7881,Pierre-Alain FOUR,Valérie DEFOY,9.0
8086,Pierre-Alain FOUR,Marie Clémence LE PAPE,1.0
8087,Pierre-Alain FOUR,Maël DIEUDONNÉ,1.0
8190,Brigitte YVRAY-DANGUIS,Geoffroy BING,1.0
9282,Nicolas NOVA,Geoffroy BING,1.0
9325,Nicolas NOVA,Philippe GARGOV,1.0
9335,Nicolas NOVA,François MAYSSAL,1.0
9340,Nicolas NOVA,Lionel GASTINE,1.0
9771,Nicolas NOVA,Fabien GIRARDIN,2.0
10374,Julien CASALS,Geoffroy BING,1.0
10377,Julien CASALS,Sylvie  MAURIS-DEMOURIOUX,1.0
10378,Julien CASALS,Emile HOOGE,1.0
10379,Julien CASALS,Boris CHABANEL,1.0
10385,Julien CASALS,Cédric POLÈRE,2.0
10386,Julien CASALS,Ludovic VIÉVARD,2.0
10394,Julien CASALS,Matthieu BOURY,2.0
10395,Julien CASALS,Quentin ZARAGORI,4.0
10403,Julien CASALS,Anne-Caroline JAMBAUD,1.0
10410,Julien CASALS,Jean-Loup MOLIN,1.0
10418,Julien CASALS,Margot BALDASSI,1.0
10425,Julien CASALS,Benjamin  PRADEL,1.0
10428,Julien CASALS,Camille DUTHY,1.0
10453,Julien CASALS,Gaspard LANDEL,1.0
10808,Julien CASALS,Eve DENJEAN,2.0
10822,Julien CASALS,Nicolas LEPRÊTRE,1.0
10833,Julien CASALS,Julie GAYRAL,2.0
10869,Julien CASALS,Kim SAKHO,1.0
10887,Julien CASALS,Clara PERRIN,1.0
11469,Matthieu BOURY,Sylvie  MAURIS-DEMOURIOUX,1.0
11485,Matthieu BOURY,Julien CASALS,2.0
11487,Matthieu BOURY,Quentin ZARAGORI,2.0
11529,Matthieu BOURY,Sophie KELLER,1.0
11545,Matthieu BOURY,Gaspard LANDEL,1.0
11979,Matthieu BOURY,Clara PERRIN,1.0
12012,Quentin ZARAGORI,Geoffroy BING,1.0
12015,Quentin ZARAGORI,Sylvie  MAURIS-DEMOURIOUX,1.0
12023,Quentin ZARAGORI,Cédric POLÈRE,2.0
12024,Quentin ZARAGORI,Ludovic VIÉVARD,1.0
12031,Quentin ZARAGORI,Julien CASALS,4.0
12033,Quentin ZARAGORI,Matthieu BOURY,2.0
12034,Quentin ZARAGORI,Aurélien BOUTAUD,1.0
12041,Quentin ZARAGORI,Anne-Caroline JAMBAUD,1.0
12048,Quentin ZARAGORI,Jean-Loup MOLIN,1.0
12056,Quentin ZARAGORI,Margot BALDASSI,1.0
12064,Quentin ZARAGORI,Catherine DEBRAND,2.0
12072,Quentin ZARAGORI,Frédérique SONNET,2.0
12075,Quentin ZARAGORI,Sophie KELLER,3.0
12091,Quentin ZARAGORI,Gaspard LANDEL,1.0
12101,Quentin ZARAGORI,Brice DURY,2.0
12460,Quentin ZARAGORI,Nicolas LEPRÊTRE,2.0
12471,Quentin ZARAGORI,Julie GAYRAL,2.0
12507,Quentin ZARAGORI,Kim SAKHO,1.0
12525,Quentin ZARAGORI,Clara PERRIN,1.0
12558,Aurélien BOUTAUD,Geoffroy BING,1.0
12563,Aurélien BOUTAUD,Boris CHABANEL,6.0
12569,Aurélien BOUTAUD,Cédric POLÈRE,3.0
12580,Aurélien BOUTAUD,Quentin ZARAGORI,1.0
12584,Aurélien BOUTAUD,Claire HARPET,3.0
12735,Aurélien BOUTAUD,Sebastian ROCHE,3.0
12778,Aurélien BOUTAUD,Philippe JURY,4.0
12985,Aurélien BOUTAUD,Manon LOISEL,9.0
13010,Aurélien BOUTAUD,Giorgio   DE AMBROGIO,1.0
13013,Aurélien BOUTAUD,Hélène DELHAY,9.0
13105,Sandra DECELLE,Catherine PANASSIER,2.0
13278,Sandra DECELLE,Anne PINCHART,2.0
13661,Geneviève BERNARDIN,Cédric POLÈRE,3.0
13691,Geneviève BERNARDIN,Abdel MOKTARI,1.0
14199,Laure BORNAREL,Sylvie  MAURIS-DEMOURIOUX,1.0
14207,Laure BORNAREL,Cédric POLÈRE,4.0
14765,Claire HARPET,Aurélien BOUTAUD,3.0
14962,Claire HARPET,Philippe JURY,3.0
15316,Miloud LEKOUARA,Stéphane BIENVENUE,1.0
15862,Stéphane BIENVENUE,Miloud LEKOUARA,1.0
16383,Anne-Caroline JAMBAUD,Sylvie  MAURIS-DEMOURIOUX,1.0
16384,Anne-Caroline JAMBAUD,Emile HOOGE,1.0
16391,Anne-Caroline JAMBAUD,Cédric POLÈRE,1.0
16392,Anne-Caroline JAMBAUD,Ludovic VIÉVARD,1.0
16394,Anne-Caroline JAMBAUD,Pierre-Alain FOUR,1.0
16399,Anne-Caroline JAMBAUD,Julien CASALS,1.0
16402,Anne-Caroline JAMBAUD,Quentin ZARAGORI,1.0
16416,Anne-Caroline JAMBAUD,Jean-Loup MOLIN,1.0
16424,Anne-Caroline JAMBAUD,Margot BALDASSI,1.0
16443,Anne-Caroline JAMBAUD,Sophie KELLER,1.0
16828,Anne-Caroline JAMBAUD,Nicolas LEPRÊTRE,1.0
16875,Anne-Caroline JAMBAUD,Kim SAKHO,1.0
16937,Emmanuelle LAMBREY,Cédric POLÈRE,3.0
17484,Emmanuel ARLOT,Ludovic VIÉVARD,2.0
19563,Valérie PUGIN,Mélissa POUPELLOZ,1.0
19667,Bertrand LABASSE,Cédric POLÈRE,1.0
20203,Jean-Loup MOLIN,Catherine PANASSIER,2.0
20205,Jean-Loup MOLIN,Sylvie  MAURIS-DEMOURIOUX,1.0
20206,Jean-Loup MOLIN,Emile HOOGE,1.0
20213,Jean-Loup MOLIN,Cédric POLÈRE,1.0
20214,Jean-Loup MOLIN,Ludovic VIÉVARD,1.0
20221,Jean-Loup MOLIN,Julien CASALS,1.0
20224,Jean-Loup MOLIN,Quentin ZARAGORI,1.0
20232,Jean-Loup MOLIN,Anne-Caroline JAMBAUD,1.0
20245,Jean-Loup MOLIN,Philippe GARGOV,1.0
20246,Jean-Loup MOLIN,Margot BALDASSI,2.0
20249,Jean-Loup MOLIN,Isabelle BARAUD-SERFATY,1.0
20250,Jean-Loup MOLIN,David CHEVALLIER,1.0
20253,Jean-Loup MOLIN,Benjamin  PRADEL,1.0
20650,Jean-Loup MOLIN,Nicolas LEPRÊTRE,3.0
20651,Jean-Loup MOLIN,Pierre HOUSSAIS,1.0
20697,Jean-Loup MOLIN,Kim SAKHO,1.0
21078,Paul BOINO,Marie-Clotilde MEILLERAND,1.0
21079,Paul BOINO,Franck TANNERY,1.0
22957,Abdel MOKTARI,Geneviève BERNARDIN,1.0
23488,Pierre MICHEL_,Marianne CHOUTEAU,1.0
24032,Philippe GARGOV,Catherine FORET,1.0
24041,Philippe GARGOV,Nicolas NOVA,1.0
24061,Philippe GARGOV,Jean-Loup MOLIN,1.0
24068,Philippe GARGOV,Margot BALDASSI,8.0
24071,Philippe GARGOV,Isabelle BARAUD-SERFATY,1.0
24072,Philippe GARGOV,David CHEVALLIER,1.0
24075,Philippe GARGOV,Benjamin  PRADEL,1.0
24472,Philippe GARGOV,Nicolas LEPRÊTRE,1.0
24513,Philippe GARGOV,Fabien GIRARDIN,1.0
24573,Margot BALDASSI,Sylvie  MAURIS-DEMOURIOUX,1.0
24578,Margot BALDASSI,Catherine FORET,1.0
24581,Margot BALDASSI,Cédric POLÈRE,1.0
24582,Margot BALDASSI,Ludovic VIÉVARD,1.0
24589,Margot BALDASSI,Julien CASALS,1.0
24592,Margot BALDASSI,Quentin ZARAGORI,1.0
24600,Margot BALDASSI,Anne-Caroline JAMBAUD,1.0
24607,Margot BALDASSI,Jean-Loup MOLIN,2.0
24614,Margot BALDASSI,Philippe GARGOV,8.0
24617,Margot BALDASSI,Isabelle BARAUD-SERFATY,1.0
24618,Margot BALDASSI,David CHEVALLIER,1.0
24621,Margot BALDASSI,Benjamin  PRADEL,1.0
25018,Margot BALDASSI,Nicolas LEPRÊTRE,2.0
25065,Margot BALDASSI,Kim SAKHO,1.0
25204,Eddy MAAROUFI,Caroline RICHEMONT,1.0
25230,Eddy MAAROUFI,Corinne HOOGE,1.0
25564,Eddy MAAROUFI,Nicolas LEPRÊTRE,1.0
25567,Eddy MAAROUFI,Quentin VERNETTE,1.0
26245,Isabelle BARAUD-SERFATY,Jean-Loup MOLIN,1.0
26252,Isabelle BARAUD-SERFATY,Philippe GARGOV,1.0
26253,Isabelle BARAUD-SERFATY,Margot BALDASSI,1.0
26256,Isabelle BARAUD-SERFATY,David CHEVALLIER,1.0
26259,Isabelle BARAUD-SERFATY,Benjamin  PRADEL,1.0
26656,Isabelle BARAUD-SERFATY,Nicolas LEPRÊTRE,1.0
26791,David CHEVALLIER,Jean-Loup MOLIN,1.0
26798,David CHEVALLIER,Philippe GARGOV,1.0
26799,David CHEVALLIER,Margot BALDASSI,1.0
26802,David CHEVALLIER,Isabelle BARAUD-SERFATY,1.0
26805,David CHEVALLIER,Benjamin  PRADEL,1.0
27202,David CHEVALLIER,Nicolas LEPRÊTRE,1.0
27304,Caroline HAMON,Emile HOOGE,1.0
27307,Caroline HAMON,Caroline JANUEL,9.0
27734,Caroline HAMON,Eve DENJEAN,1.0
27849,Anouk JORDAN,Sylvie  MAURIS-DEMOURIOUX,5.0
27850,Anouk JORDAN,Emile HOOGE,1.0
27851,Anouk JORDAN,Boris CHABANEL,2.0
27853,Anouk JORDAN,Caroline JANUEL,2.0
27857,Anouk JORDAN,Cédric POLÈRE,2.0
27858,Anouk JORDAN,Ludovic VIÉVARD,2.0
27859,Anouk JORDAN,Pierre GROSDEMOUGE,1.0
27898,Anouk JORDAN,Catherine DEBRAND,1.0
27903,Anouk JORDAN,Julie JEAMMAUD,2.0
28280,Anouk JORDAN,Eve DENJEAN,1.0
28356,Anouk JORDAN,Anne FORNEROD,1.0
28404,Benjamin  PRADEL,Ludovic VIÉVARD,1.0
28411,Benjamin  PRADEL,Julien CASALS,1.0
28429,Benjamin  PRADEL,Jean-Loup MOLIN,1.0
28436,Benjamin  PRADEL,Philippe GARGOV,1.0
28437,Benjamin  PRADEL,Margot BALDASSI,1.0
28440,Benjamin  PRADEL,Isabelle BARAUD-SERFATY,1.0
28441,Benjamin  PRADEL,David CHEVALLIER,1.0
28446,Benjamin  PRADEL,Camille DUTHY,1.0
28826,Benjamin  PRADEL,Eve DENJEAN,1.0
28840,Benjamin  PRADEL,Nicolas LEPRÊTRE,1.0
28851,Benjamin  PRADEL,Julie GAYRAL,1.0
28877,Benjamin  PRADEL,Camille PERRET,1.0
28878,Benjamin  PRADEL,Juliette PINARD,1.0
28941,Catherine DEBRAND,Sylvie  MAURIS-DEMOURIOUX,3.0
28942,Catherine DEBRAND,Emile HOOGE,6.0
28943,Catherine DEBRAND,Boris CHABANEL,3.0
28945,Catherine DEBRAND,Caroline JANUEL,1.0
28949,Catherine DEBRAND,Cédric POLÈRE,4.0
28950,Catherine DEBRAND,Ludovic VIÉVARD,3.0
28951,Catherine DEBRAND,Pierre GROSDEMOUGE,1.0
28960,Catherine DEBRAND,Quentin ZARAGORI,2.0
28989,Catherine DEBRAND,Anouk JORDAN,1.0
28995,Catherine DEBRAND,Julie JEAMMAUD,2.0
29372,Catherine DEBRAND,Eve DENJEAN,4.0
29386,Catherine DEBRAND,Nicolas LEPRÊTRE,2.0
29397,Catherine DEBRAND,Julie GAYRAL,2.0
29434,Catherine DEBRAND,Christine OLM,1.0
29484,François MAYSSAL,Geoffroy BING,1.0
29496,François MAYSSAL,Ludovic VIÉVARD,11.0
29501,François MAYSSAL,Nicolas NOVA,1.0
29542,François MAYSSAL,Lionel GASTINE,1.0
29547,François MAYSSAL,Sophie KELLER,1.0
29548,François MAYSSAL,Clément JOURDAN,1.0
29981,François MAYSSAL,Yoan OLLIVIER,11.0
30042,Camille DUTHY,Ludovic VIÉVARD,1.0
30049,Camille DUTHY,Julien CASALS,1.0
30082,Camille DUTHY,Benjamin  PRADEL,1.0
30464,Camille DUTHY,Eve DENJEAN,1.0
30489,Camille DUTHY,Julie GAYRAL,1.0
31671,Julie JEAMMAUD,Sylvie  MAURIS-DEMOURIOUX,2.0
31672,Julie JEAMMAUD,Emile HOOGE,2.0
31673,Julie JEAMMAUD,Boris CHABANEL,2.0
31675,Julie JEAMMAUD,Caroline JANUEL,1.0
31679,Julie JEAMMAUD,Cédric POLÈRE,2.0
31680,Julie JEAMMAUD,Ludovic VIÉVARD,4.0
31719,Julie JEAMMAUD,Anouk JORDAN,2.0
31721,Julie JEAMMAUD,Catherine DEBRAND,2.0
32102,Julie JEAMMAUD,Eve DENJEAN,2.0
32231,Lionel GASTINE,Nicolas NOVA,1.0
32268,Lionel GASTINE,François MAYSSAL,1.0
32638,Lionel GASTINE,Lucas PIESSAT,1.0
32639,Lionel GASTINE,Gauthier BRAVAIS,1.0
32823,Matias GOMEZ,Sophie KELLER,1.0
33328,Frédérique SONNET,Quentin ZARAGORI,2.0
33369,Frédérique SONNET,Sophie KELLER,2.0
33395,Frédérique SONNET,Brice DURY,2.0
34279,Nicolas RIO,Manon LOISEL,2.0
34944,Sophie KELLER,Geoffroy BING,5.0
34947,Sophie KELLER,Sylvie  MAURIS-DEMOURIOUX,1.0
34948,Sophie KELLER,Emile HOOGE,1.0
34958,Sophie KELLER,Pierre-Alain FOUR,1.0
34965,Sophie KELLER,Matthieu BOURY,1.0
34966,Sophie KELLER,Quentin ZARAGORI,3.0
34974,Sophie KELLER,Anne-Caroline JAMBAUD,1.0
34998,Sophie KELLER,François MAYSSAL,1.0
35004,Sophie KELLER,Matias GOMEZ,1.0
35005,Sophie KELLER,Frédérique SONNET,2.0
35008,Sophie KELLER,Clément JOURDAN,1.0
35033,Sophie KELLER,Brice DURY,2.0
35378,Sophie KELLER,Eve DENJEAN,5.0
35490,Clément JOURDAN,Geoffroy BING,1.0
35544,Clément JOURDAN,François MAYSSAL,1.0
35554,Clément JOURDAN,Sophie KELLER,1.0
35938,Clément JOURDAN,Nicolas LEPRÊTRE,1.0
39384,Gilles PINSON,Deborah GALIMBERTI,1.0
39385,Gilles PINSON,Rémi DORMOIS,1.0
39413,Gilles PINSON,Christelle MOREL-JOURNEL,2.0
39475,Gilles PINSON,Attila BASKURT,1.0
39476,Gilles PINSON,Jean-Yves  TOUSSAINT,1.0
39479,Gilles PINSON,Lionel ARNAUD,1.0
39930,Deborah GALIMBERTI,Gilles PINSON,1.0
39931,Deborah GALIMBERTI,Rémi DORMOIS,1.0
40476,Rémi DORMOIS,Gilles PINSON,1.0
40477,Rémi DORMOIS,Deborah GALIMBERTI,1.0
41473,Hubert GUILLAUD,Manon MOLINS,1.0
41474,Hubert GUILLAUD,Marine ALBAREDE,1.0
42119,Adeline CHARVET,Charlotte VISAGE,1.0
42665,Charlotte VISAGE,Adeline CHARVET,1.0
43680,Gaspard LANDEL,Geoffroy BING,1.0
43699,Gaspard LANDEL,Julien CASALS,1.0
43701,Gaspard LANDEL,Matthieu BOURY,1.0
43702,Gaspard LANDEL,Quentin ZARAGORI,1.0
45948,Jérôme SAINTE,Leila BOUTAMINE,1.0
46494,Leila BOUTAMINE,Jérôme SAINTE,1.0
47042,Camille GUEZENNEC,Guillaume MALOCHET,1.0
47588,Guillaume MALOCHET,Camille GUEZENNEC,1.0
48640,Caroline RICHEMONT,Eddy MAAROUFI,1.0
49162,Brice DURY,Quentin ZARAGORI,2.0
49201,Brice DURY,Frédérique SONNET,2.0
49204,Brice DURY,Sophie KELLER,2.0
50240,Pascal BAVOUX,Catherine FORET,1.0
53606,Claude BREVAN,Dominique LAROUSSE,1.0
54152,Dominique LAROUSSE,Claude BREVAN,1.0
55764,Christelle MOREL-JOURNEL,Gilles PINSON,2.0
55855,Christelle MOREL-JOURNEL,Attila BASKURT,1.0
55856,Christelle MOREL-JOURNEL,Jean-Yves  TOUSSAINT,1.0
57337,CCSPL  COMMISSION CONSULTATIVE DES SERVICES PUBLICS LOCAUX DU GRAND LYON,Caroline JANUEL,1.0
59623,Diane SAMAMA,Roland JOUVENT,1.0
60169,Roland JOUVENT,Diane SAMAMA,1.0
61811,Dieter GRAU,Jessica READ,1.0
62357,Jessica READ,Dieter GRAU,1.0
62836,Corinne HOOGE,Eddy MAAROUFI,1.0
62968,Corinne HOOGE,Stéphanie BEAUCHENE,1.0
63070,Corinne HOOGE,Philippe JARREAU,1.0
65640,Delphine SCIARRINO,Ludivine SCIARRINO,1.0
66186,Ludivine SCIARRINO,Delphine SCIARRINO,1.0
71110,Emmanuelle HENRY,Emmanuel THIMONIER-ROUZET,1.0
71656,Emmanuel THIMONIER-ROUZET,Emmanuelle HENRY,1.0
78363,Jean-François TCHERNIA,Pierre BRÉCHON,1.0
80820,Jean-Marc BERTHET,Ludovic VIÉVARD,1.0
81299,Jean-Marc BERTHET,Yoann PUPAT,1.0
81319,Jean-Marc BERTHET,Laura DESMARIS,1.0
81320,Jean-Marc BERTHET,Marc URHY,1.0
85332,Laure ISNARD,Bernard BARRAQUE,1.0
85878,Bernard BARRAQUE,Laure ISNARD,1.0
87531,Alain HAYS,Richard CANTIN,1.0
87916,Ludovic ROGUET,Marianne CHOUTEAU,1.0
88614,Marianne GUEROIS,Fabien PAULUS,1.0
89160,Fabien PAULUS,Marianne GUEROIS,1.0
89616,Attila BASKURT,Gilles PINSON,1.0
89646,Attila BASKURT,Christelle MOREL-JOURNEL,1.0
89708,Attila BASKURT,Jean-Yves  TOUSSAINT,1.0
90162,Jean-Yves  TOUSSAINT,Gilles PINSON,1.0
90192,Jean-Yves  TOUSSAINT,Christelle MOREL-JOURNEL,1.0
90254,Jean-Yves  TOUSSAINT,Attila BASKURT,1.0
91800,Lionel ARNAUD,Gilles PINSON,1.0
94072,Richard CANTIN,Alain HAYS,1.0
95551,Anne PINCHART,Catherine PANASSIER,2.0
95574,Anne PINCHART,Sandra DECELLE,2.0
97193,Sebastian ROCHE,Boris CHABANEL,2.0
97199,Sebastian ROCHE,Cédric POLÈRE,3.0
97200,Sebastian ROCHE,Ludovic VIÉVARD,2.0
97202,Sebastian ROCHE,Pierre-Alain FOUR,2.0
97211,Sebastian ROCHE,Aurélien BOUTAUD,3.0
97630,Sebastian ROCHE,Marie Clémence LE PAPE,1.0
97631,Sebastian ROCHE,Maël DIEUDONNÉ,1.0
97849,Stéphanie BEAUCHENE,Corinne HOOGE,1.0
98014,Stéphanie BEAUCHENE,Philippe JARREAU,1.0
100648,Serge POUTS-LAJUS,Marielle RICHIE-MAGNIER,1.0
101194,Marielle RICHIE-MAGNIER,Serge POUTS-LAJUS,1.0
114870,Anna Paula BEJA HORTA,Joana MIRANDA,1.0
115416,Joana MIRANDA,Anna Paula BEJA HORTA,1.0
117058,Laura PANDELLE,Magali MARLIN,1.0
117604,Magali MARLIN,Laura PANDELLE,1.0
119581,DPDP -  DIRECTION DE LA PROSPECTIVE ET DU DIALOGUE PUBLIC,Caroline JANUEL,1.0
119586,DPDP -  DIRECTION DE LA PROSPECTIVE ET DU DIALOGUE PUBLIC,Ludovic VIÉVARD,1.0
119998,DPDP -  DIRECTION DE LA PROSPECTIVE ET DU DIALOGUE PUBLIC,Lucas PIESSAT,1.0
119999,DPDP -  DIRECTION DE LA PROSPECTIVE ET DU DIALOGUE PUBLIC,Gauthier BRAVAIS,1.0
120689,Philippe JURY,Aurélien BOUTAUD,4.0
120693,Philippe JURY,Claire HARPET,3.0
124169,Chris BEYER,Emilie RICHARD,1.0
124170,Chris BEYER,Dominique ROYOUX,1.0
124715,Emilie RICHARD,Chris BEYER,1.0
124716,Emilie RICHARD,Dominique ROYOUX,1.0
125261,Dominique ROYOUX,Chris BEYER,1.0
125262,Dominique ROYOUX,Emilie RICHARD,1.0
127998,Françoise LORCERIE,Delphine CAVALLO,1.0
128544,Delphine CAVALLO,Françoise LORCERIE,1.0
129950,Valérie DEFOY,Stéphane AUTRAN,1.0
129951,Valérie DEFOY,Sylvie  MAURIS-DEMOURIOUX,9.0
129956,Valérie DEFOY,Catherine FORET,9.0
129958,Valérie DEFOY,Marianne CHOUTEAU,9.0
129960,Valérie DEFOY,Ludovic VIÉVARD,9.0
129962,Valérie DEFOY,Pierre-Alain FOUR,9.0
136203,Marine DOUCHY,Elina LUMBROSO,1.0
136204,Marine DOUCHY,Marina VALENTE,1.0
136749,Elina LUMBROSO,Marine DOUCHY,1.0
136750,Elina LUMBROSO,Marina VALENTE,1.0
137295,Marina VALENTE,Marine DOUCHY,1.0
137296,Marina VALENTE,Elina LUMBROSO,1.0
138391,Marie-Elizabeth NICOLEAU,Alain BENINI,1.0
138937,Alain BENINI,Marie-Elizabeth NICOLEAU,1.0
139485,Martin GUESPEREAU,Julie FABRE,1.0
140031,Julie FABRE,Martin GUESPEREAU,1.0
142220,Martine CHANAL,Benoit EYRAUD,1.0
142766,Benoit EYRAUD,Martine CHANAL,1.0
143861,Patrice AUBERTEL,Paul RAVEAUD,1.0
143862,Patrice AUBERTEL,Thérèse SPECTOR,1.0
144407,Paul RAVEAUD,Patrice AUBERTEL,1.0
144408,Paul RAVEAUD,Thérèse SPECTOR,1.0
144953,Thérèse SPECTOR,Patrice AUBERTEL,1.0
144954,Thérèse SPECTOR,Paul RAVEAUD,1.0
147143,Mónica COSTA,Paulo Manuel COSTA,1.0
147689,Paulo Manuel COSTA,Mónica COSTA,1.0
150637,Mélanie GAT,Maéva BIGOT,1.0
150638,Mélanie GAT,Diane GEFFROY,1.0
153541,Philippe JARREAU,Corinne HOOGE,1.0
153605,Philippe JARREAU,Stéphanie BEAUCHENE,1.0
156299,Pierre BRÉCHON,Jean-François TCHERNIA,1.0
160975,Léa PEYRON,Quentin VERNETTE,1.0
172852,François ROBERT,Loïc BONNEVAL,1.0
173398,Loïc BONNEVAL,François ROBERT,1.0
180764,Marie-Clotilde MEILLERAND,Paul BOINO,1.0
181310,Franck TANNERY,Paul BOINO,1.0
182698,Frédérique BRUYAS,Bernard PELLECUER,1.0
183244,Bernard PELLECUER,Frédérique BRUYAS,1.0
184886,Adèle SEYRIG,Jeanne CARTILLIER,1.0
185432,Jeanne CARTILLIER,Adèle SEYRIG,1.0
200202,Jean-Paul DUMONTIER,Jocelyne BEARD,1.0
200391,Jocelyne BEARD,Philippe DUJARDIN,1.0
200748,Jocelyne BEARD,Jean-Paul DUMONTIER,1.0
202390,Céline ROZENBLAT,Patricia CICILLE,1.0
202936,Patricia CICILLE,Céline ROZENBLAT,1.0
211689,Mathieu BOSTYN,Henry GEORGE,1.0
212235,Henry GEORGE,Mathieu BOSTYN,1.0
232057,Lucas PIESSAT,Caroline JANUEL,1.0
232062,Lucas PIESSAT,Ludovic VIÉVARD,1.0
232109,Lucas PIESSAT,Lionel GASTINE,1.0
232269,Lucas PIESSAT,DPDP -  DIRECTION DE LA PROSPECTIVE ET DU DIALOGUE PUBLIC,1.0
232475,Lucas PIESSAT,Gauthier BRAVAIS,5.0
232603,Gauthier BRAVAIS,Caroline JANUEL,1.0
232608,Gauthier BRAVAIS,Ludovic VIÉVARD,1.0
232655,Gauthier BRAVAIS,Lionel GASTINE,1.0
232815,Gauthier BRAVAIS,DPDP -  DIRECTION DE LA PROSPECTIVE ET DU DIALOGUE PUBLIC,1.0
233021,Gauthier BRAVAIS,Lucas PIESSAT,5.0
233711,Manon LOISEL,Aurélien BOUTAUD,9.0
233750,Manon LOISEL,Nicolas RIO,2.0
234143,Manon LOISEL,Hélène DELHAY,9.0
235210, Maryame AMAROUCHE,Marie SENG,1.0
235211, Maryame AMAROUCHE,Chloé SERME MORIN,1.0
235212, Maryame AMAROUCHE,Justine SWORDY-BORIE,1.0
235213, Maryame AMAROUCHE,Selene VILLALEJO COTA,1.0
235756,Marie SENG, Maryame AMAROUCHE,1.0
235757,Marie SENG,Chloé SERME MORIN,1.0
235758,Marie SENG,Justine SWORDY-BORIE,1.0
235759,Marie SENG,Selene VILLALEJO COTA,1.0
236302,Chloé SERME MORIN, Maryame AMAROUCHE,1.0
236303,Chloé SERME MORIN,Marie SENG,1.0
236304,Chloé SERME MORIN,Justine SWORDY-BORIE,1.0
236305,Chloé SERME MORIN,Selene VILLALEJO COTA,1.0
236848,Justine SWORDY-BORIE, Maryame AMAROUCHE,1.0
236849,Justine SWORDY-BORIE,Marie SENG,1.0
236850,Justine SWORDY-BORIE,Chloé SERME MORIN,1.0
236851,Justine SWORDY-BORIE,Selene VILLALEJO COTA,1.0
237394,Selene VILLALEJO COTA, Maryame AMAROUCHE,1.0
237395,Selene VILLALEJO COTA,Marie SENG,1.0
237396,Selene VILLALEJO COTA,Chloé SERME MORIN,1.0
237397,Selene VILLALEJO COTA,Justine SWORDY-BORIE,1.0
237513,Eve DENJEAN,Sylvie  MAURIS-DEMOURIOUX,2.0
237514,Eve DENJEAN,Emile HOOGE,5.0
237515,Eve DENJEAN,Boris CHABANEL,3.0
237517,Eve DENJEAN,Caroline JANUEL,2.0
237521,Eve DENJEAN,Cédric POLÈRE,3.0
237522,Eve DENJEAN,Ludovic VIÉVARD,3.0
237529,Eve DENJEAN,Julien CASALS,2.0
237560,Eve DENJEAN,Caroline HAMON,1.0
237561,Eve DENJEAN,Anouk JORDAN,1.0
237562,Eve DENJEAN,Benjamin  PRADEL,1.0
237563,Eve DENJEAN,Catherine DEBRAND,4.0
237565,Eve DENJEAN,Camille DUTHY,1.0
237568,Eve DENJEAN,Julie JEAMMAUD,2.0
237574,Eve DENJEAN,Sophie KELLER,5.0
237969,Eve DENJEAN,Julie GAYRAL,2.0
240133,Irène GAILLARD,Vanina MOLLO,1.0
240679,Vanina MOLLO,Irène GAILLARD,1.0
241890,Marie Clémence LE PAPE,Ludovic VIÉVARD,1.0
241892,Marie Clémence LE PAPE,Pierre-Alain FOUR,1.0
242056,Marie Clémence LE PAPE,Sebastian ROCHE,1.0
242321,Marie Clémence LE PAPE,Maël DIEUDONNÉ,1.0
242436,Maël DIEUDONNÉ,Ludovic VIÉVARD,1.0
242438,Maël DIEUDONNÉ,Pierre-Alain FOUR,1.0
242602,Maël DIEUDONNÉ,Sebastian ROCHE,1.0
242867,Maël DIEUDONNÉ,Marie Clémence LE PAPE,1.0
245157,Nicolas LEPRÊTRE,Sylvie  MAURIS-DEMOURIOUX,2.0
245158,Nicolas LEPRÊTRE,Emile HOOGE,1.0
245165,Nicolas LEPRÊTRE,Cédric POLÈRE,2.0
245166,Nicolas LEPRÊTRE,Ludovic VIÉVARD,2.0
245167,Nicolas LEPRÊTRE,Pierre GROSDEMOUGE,1.0
245173,Nicolas LEPRÊTRE,Julien CASALS,1.0
245176,Nicolas LEPRÊTRE,Quentin ZARAGORI,2.0
245184,Nicolas LEPRÊTRE,Anne-Caroline JAMBAUD,1.0
245191,Nicolas LEPRÊTRE,Jean-Loup MOLIN,3.0
245198,Nicolas LEPRÊTRE,Philippe GARGOV,1.0
245199,Nicolas LEPRÊTRE,Margot BALDASSI,2.0
245200,Nicolas LEPRÊTRE,Eddy MAAROUFI,1.0
245202,Nicolas LEPRÊTRE,Isabelle BARAUD-SERFATY,1.0
245203,Nicolas LEPRÊTRE,David CHEVALLIER,1.0
245206,Nicolas LEPRÊTRE,Benjamin  PRADEL,1.0
245207,Nicolas LEPRÊTRE,Catherine DEBRAND,2.0
245219,Nicolas LEPRÊTRE,Clément JOURDAN,1.0
245603,Nicolas LEPRÊTRE,Pierre HOUSSAIS,1.0
245613,Nicolas LEPRÊTRE,Julie GAYRAL,1.0
245637,Nicolas LEPRÊTRE,Blandine CERISIER,1.0
245649,Nicolas LEPRÊTRE,Kim SAKHO,1.0
245650,Nicolas LEPRÊTRE,Christine OLM,1.0
245672,Nicolas LEPRÊTRE,Perrine TURGAULT,1.0
245737,Pierre HOUSSAIS,Jean-Loup MOLIN,1.0
246149,Pierre HOUSSAIS,Nicolas LEPRÊTRE,1.0
246838,Quentin VERNETTE,Eddy MAAROUFI,1.0
247086,Quentin VERNETTE,Léa PEYRON,1.0
247343,Giorgio   DE AMBROGIO,Boris CHABANEL,1.0
247361,Giorgio   DE AMBROGIO,Aurélien BOUTAUD,1.0
247919,Mélissa POUPELLOZ,Valérie PUGIN,1.0
248999,Hélène DELHAY,Aurélien BOUTAUD,9.0
249404,Hélène DELHAY,Manon LOISEL,9.0
250618,Hervé CHAYGNEAUD-DUPUY,Emile HOOGE,1.0
251073,Hervé CHAYGNEAUD-DUPUY,Julie GAYRAL,1.0
251164,Julie GAYRAL,Emile HOOGE,1.0
251172,Julie GAYRAL,Ludovic VIÉVARD,1.0
251179,Julie GAYRAL,Julien CASALS,2.0
251182,Julie GAYRAL,Quentin ZARAGORI,2.0
251212,Julie GAYRAL,Benjamin  PRADEL,1.0
251213,Julie GAYRAL,Catherine DEBRAND,2.0
251215,Julie GAYRAL,Camille DUTHY,1.0
251595,Julie GAYRAL,Eve DENJEAN,2.0
251609,Julie GAYRAL,Nicolas LEPRÊTRE,1.0
251619,Julie GAYRAL,Hervé CHAYGNEAUD-DUPUY,1.0
252167,Xavier BRISBOIS,Pauline VAN LAERE,2.0
252713,Pauline VAN LAERE,Xavier BRISBOIS,2.0
254355,Florent CHEVREAU,Danielle GALEA,1.0
254356,Florent CHEVREAU,Carine PRADELLES,1.0
254357,Florent CHEVREAU,Maïder LAUSSUCQ,1.0
254901,Danielle GALEA,Florent CHEVREAU,1.0
254902,Danielle GALEA,Carine PRADELLES,1.0
254903,Danielle GALEA,Maïder LAUSSUCQ,1.0
255447,Carine PRADELLES,Florent CHEVREAU,1.0
255448,Carine PRADELLES,Danielle GALEA,1.0
255449,Carine PRADELLES,Maïder LAUSSUCQ,1.0
255993,Maïder LAUSSUCQ,Florent CHEVREAU,1.0
255994,Maïder LAUSSUCQ,Danielle GALEA,1.0
255995,Maïder LAUSSUCQ,Carine PRADELLES,1.0
256543,Pierre DOMMERGUES,Christine DELFOUR,1.0
257089,Christine DELFOUR,Pierre DOMMERGUES,1.0
258731,Malou ALLAGNAT,Angela  LANTERI,1.0
259277,Angela  LANTERI,Malou ALLAGNAT,1.0
262013,Paul COLONNA,Egizio VALCESCHINI,1.0
262559,Egizio VALCESCHINI,Paul COLONNA,1.0
263654,Béatrice MAURINES,Lilian PELLEGRINO,1.0
264200,Lilian PELLEGRINO,Béatrice MAURINES,1.0
264713,Blandine CERISIER,Nicolas LEPRÊTRE,1.0
265408,Camille PERRET,Benjamin  PRADEL,1.0
265954,Juliette PINARD,Benjamin  PRADEL,1.0
266723,Maéva BIGOT,Mélanie GAT,1.0
266936,Maéva BIGOT,Diane GEFFROY,1.0
267269,Diane GEFFROY,Mélanie GAT,1.0
267482,Diane GEFFROY,Maéva BIGOT,1.0
267557,Fabien GIRARDIN,Nicolas NOVA,2.0
267584,Fabien GIRARDIN,Philippe GARGOV,1.0
268640,Yoann PUPAT,Catherine FORET,2.0
268644,Yoann PUPAT,Ludovic VIÉVARD,3.0
268780,Yoann PUPAT,Jean-Marc BERTHET,1.0
269143,Yoann PUPAT,Laura DESMARIS,1.0
269144,Yoann PUPAT,Marc URHY,1.0
269671,Elise ROCHE,Guillaume SÉCHET,1.0
269672,Elise ROCHE,Emilie DEFOORT,1.0
270217,Guillaume SÉCHET,Elise ROCHE,1.0
270218,Guillaume SÉCHET,Emilie DEFOORT,1.0
270763,Emilie DEFOORT,Elise ROCHE,1.0
270764,Emilie DEFOORT,Guillaume SÉCHET,1.0
270819,Kim SAKHO,Sylvie  MAURIS-DEMOURIOUX,1.0
270827,Kim SAKHO,Cédric POLÈRE,1.0
270828,Kim SAKHO,Ludovic VIÉVARD,1.0
270835,Kim SAKHO,Julien CASALS,1.0
270838,Kim SAKHO,Quentin ZARAGORI,1.0
270846,Kim SAKHO,Anne-Caroline JAMBAUD,1.0
270853,Kim SAKHO,Jean-Loup MOLIN,1.0
270861,Kim SAKHO,Margot BALDASSI,1.0
271265,Kim SAKHO,Nicolas LEPRÊTRE,1.0
271365,Christine OLM,Sylvie  MAURIS-DEMOURIOUX,1.0
271366,Christine OLM,Emile HOOGE,1.0
271373,Christine OLM,Cédric POLÈRE,1.0
271374,Christine OLM,Ludovic VIÉVARD,1.0
271375,Christine OLM,Pierre GROSDEMOUGE,1.0
271415,Christine OLM,Catherine DEBRAND,1.0
271811,Christine OLM,Nicolas LEPRÊTRE,1.0
271920,Yoan OLLIVIER,Ludovic VIÉVARD,11.0
271962,Yoan OLLIVIER,François MAYSSAL,11.0
272406,Yoan OLLIVIER,Romain BEAUCHER,1.0
272952,Romain BEAUCHER,Yoan OLLIVIER,1.0
276782,Gaëtan BRISEPIERRE,Catherine GRANDCLEMENT,1.0
276783,Gaëtan BRISEPIERRE,Vincent RENAULD,1.0
277328,Catherine GRANDCLEMENT,Gaëtan BRISEPIERRE,1.0
277329,Catherine GRANDCLEMENT,Vincent RENAULD,1.0
277874,Vincent RENAULD,Gaëtan BRISEPIERRE,1.0
277875,Vincent RENAULD,Catherine GRANDCLEMENT,1.0
279009,Anne FORNEROD,Sylvie  MAURIS-DEMOURIOUX,1.0
279057,Anne FORNEROD,Anouk JORDAN,1.0
279564,Laura DESMARIS,Ludovic VIÉVARD,1.0
279700,Laura DESMARIS,Jean-Marc BERTHET,1.0
280044,Laura DESMARIS,Yoann PUPAT,1.0
280064,Laura DESMARIS,Marc URHY,1.0
280110,Marc URHY,Ludovic VIÉVARD,1.0
280246,Marc URHY,Jean-Marc BERTHET,1.0
280590,Marc URHY,Yoann PUPAT,1.0
280610,Marc URHY,Laura DESMARIS,1.0
280663,Clara PERRIN,Julien CASALS,1.0
280665,Clara PERRIN,Matthieu BOURY,1.0
280666,Clara PERRIN,Quentin ZARAGORI,1.0
283823,Perrine TURGAULT,Nicolas LEPRÊTRE,1.0
286179,Manon MOLINS,Hubert GUILLAUD,1.0
286628,Manon MOLINS,Marine ALBAREDE,1.0
286725,Marine ALBAREDE,Hubert GUILLAUD,1.0
287174,Marine ALBAREDE,Manon MOLINS,1.0
287722,Vivienne BOLSIUS,Maaike OSIECK,1.0
288268,Maaike OSIECK,Vivienne BOLSIUS,1.0
288293,Magali TALANDIER,Boris CHABANEL,1.0
289385,Arnaud FLORENTIN,Boris CHABANEL,1.0
291551,Caroline MORICEAU,Laure PERRIN-VIDOZ,1.0
292097,Laure PERRIN-VIDOZ,Caroline MORICEAU,1.0
294286,Béatrice CHARRE,Mireille LEMAHIEU,1.0
294832,Mireille LEMAHIEU,Béatrice CHARRE,1.0
297021,Stéphanie PORNIN,Cécile PEETERS,1.0
297567,Cécile PEETERS,Stéphanie PORNIN,1.0
